Source,dist,R90_median (au),R90_err_16th (au),R90_err_84th (au),R68_median (au),R68_err_16th (au),R68_err_84th (au),inc (°),inc_err_16th (°),inc_err_84th (°),PA (°),PA_err_16th (°),PA_err_84th (°),M_star (Msun),M_star_err_16th (Msun),M_star_err_84th (Msun),r_l_median (au),r_l_err_16th (au),r_l_err_84th (au),z_1_median (''),z_1_err_16th (''),z_1_err_84th (''),z_q_median,z_q_err_16th,z_q_err_84th,T_10_median (K),T_10_err_16th (K),T_10_err_84th (K),T_q_median,T_q_err_16th,T_q_err_84th,tau_tap_median (au),tau_tap_err_16th (au),tau_tap_err_84th (au),tau_exp_median (au),tau_exp_err_16th (au),tau_exp_err_84th (au),tau_10_median,tau_10_err_16th,tau_10_err_84th,tau_q_median,tau_q_err_16th,tau_q_err_84th,z_exp_median,z_exp_err_16th,z_exp_err_84th,vsys (m/s),vsys_err_16th (m/s),vsys_err_84th (m/s),dRA (''),dRA_err_16th (''),dRA_err_84th (''),dDEC (''),dDEC_err_16th (''),dDEC_err_84th ('')
2MASS_J15583620-1946135,155.6,45.5859375,0.759765625,0.759765625,36.46875,0.759765625,0.759765625,45.07742109500554,1.5270366110611278,1.6140056018977447,-23.32987855309592,1.0023781620000776,1.1038878546460822,0.0675112294669926,0.004019743927388172,0.0038722649818362237,112.19817108127012,5.53672558064747,5.012253935626177,0.6626768875436905,0.08053778774873732,0.09381928204272694,1.3337452145536355,0.07502905191480513,0.07213851330674448,46.98704262162171,1.7274028526676588,1.179534951798182,-0.575320120558886,0.026673680527438903,0.03203631609887769,45.02352943972158,1.7686100150337793,1.052835636872537,37.881726444903265,13.810388649464723,8.559265183628405,9.257495861903735,0.8905890381430499,1.4386110308732292,0.028495506002966103,1.6779357223417788,0.758701038708894,5.8864356764287695,2.301268069639973,2.940068737561017,6768.044968573802,10.51335768440731,11.420773745508086,-0.2564406572080692,0.002995841224544271,0.0025160406384509004,-0.393077182050946,0.0025031843118643593,0.002228809046438296
2MASS_J15583692-2257153,166.5,158.53271484375,1.6259765625,1.6259765625,125.2001953125,1.6259765625,0.81298828125,26.347095299425348,1.2899692985379758,1.3585506641960805,168.4883462290297,0.3628015573995924,0.5296772432600676,0.6689966753842145,0.055714678566475384,0.06434975157432488,154.57981361360154,3.365322692915214,2.6472454520679776,0.46725076899585705,0.03230136512964049,0.02169034229381489,1.535134345700887,0.0935657093338329,0.07033565570016487,116.37135480500143,2.1841075801528262,2.1057277691045755,-0.6461282460435356,0.00917211366749715,0.009977060192868037,133.43890821394436,2.1844832008602566,2.022835125341487,9.46285207969612,0.5874048420353084,0.3411088450626849,4.937913385138516,0.10006258233867804,0.04667374363092147,-0.041414777632356625,0.059033354636187974,0.030852295270229715,9.32620727641643,0.9253820537925712,0.4916401900268976,7634.081590184836,5.088759091413522,5.253449923892731,-0.2935212154124986,0.0026363338919162538,0.0026832571424054708,-0.22900464193754747,0.002033677138861989,0.002117002418626973
2MASS_J16035793-1942108,152.9,54.50048828125,0.0,0.0,44.04833984375,0.0,0.0,51.285873814223145,0.023840683559733122,0.03050833626109295,1.9211905489759493,0.017257965684226217,0.012833381728078352,0.5156196772858179,0.00035534521657587526,0.000284577027784394,155.90121382155095,18.22504251213715,11.005652100081818,0.024349745331431888,0.0032276459459779604,0.0033672856599701873,1.2837838266075188,0.052117361490845004,0.04651948802266803,75.99602141276222,0.1005828459939977,0.17569673380711492,-0.5754372254580005,0.0021214867786089053,0.0011870577658446013,52.04120496250936,0.13783877278731893,0.21819831538498136,31.780022815246774,0.7424692569204794,1.287382360875668,17.677316857510874,0.040283808256290854,0.04798959643038003,-0.013252980988133833,0.02006673147037565,0.010253391596734596,1.748713543306896,0.45621442586669203,0.931467990252375,7264.880856617227,0.5149019792061154,0.7061869692024629,-0.2161695548866273,0.00012106126206345991,0.00010368492420395614,-0.4353280018517479,9.971382330364875e-05,8.869613271988985e-05
2MASS_J16052157-1821412,148.9,161.4052734375,1.4541015625,1.4541015625,126.5068359375,0.72705078125,0.72705078125,69.15952940420561,0.10379913598409019,0.1129771991856785,-23.560848006641713,0.24919428731866233,0.27686986213927156,1.1212998777530236,0.004978266414025434,0.004942337535114083,145.78751570381579,3.547764334219039,2.3203131531412,0.24015902355282065,0.018825890969804554,0.024610786273381036,1.5109139057489147,0.03642911137640037,0.03922551172601585,198.04876174600886,1.818985891775128,1.6159559962282515,-0.7231414928969373,0.004762125044986187,0.005586930084768182,133.3253612753469,3.549798002126778,5.533547042845697,8.028114689103106,0.7169319599658177,1.2481388146169046,4.9116256338506,0.05816047659454959,0.04913357343213853,-0.7787985267478685,0.26748727449945764,0.21868741379436307,5.260385207191506,0.4740113485360835,0.4245305552609757,5437.630483105698,4.114294712283481,8.345482740363877,-0.027048144306102254,0.0019198309102139849,0.001759025609575953,-0.624896959744661,0.0012027947912149894,0.0008336583130597042
2MASS_J16062383-1807183,148.6,63.8515625,2.1767578125,0.7255859375,51.5166015625,1.451171875,0.7255859375,32.517132559282665,1.8724838871972516,1.5592755991715421,191.59639050528247,1.1661686193558296,1.1071795213432267,0.054142950865014326,0.0039281115383447,0.00526824247708052,90.6444645005019,5.108621019380905,6.0632357802831365,0.22111631260827136,0.04149056527538733,0.02030329260956762,1.145194543073596,0.06429632321957479,0.0777639192235049,43.07095066460481,1.039045233819813,1.0432335589113393,-0.5066382787548767,0.021685514153894858,0.022218880949559594,52.87937354597733,1.7874377846222487,1.4316172403237104,9.402001666373868,0.7603788828919793,0.4309165745111887,4.921643837527147,0.0927965658704899,0.05825858988808008,-0.09187738485896407,0.1398255471738833,0.0679306028413619,4.965929525305896,1.8837369967407604,2.5629701126894595,5652.542729739349,6.889359541474732,7.002009744793213,-0.4042705651102829,0.0026995662097813455,0.003093596640217522,-0.5478484551667365,0.0031807151215607066,0.002940972981233969
2MASS_J16062861-2121297,139.7,55.93457031249999,0.68212890625,0.68212890625,42.97412109375,0.68212890625,0.0,33.61925732395021,1.395583311082845,1.169018061164678,252.1029420425056,0.17611656582187152,0.23732218858143028,0.5279374917344898,0.029560920901744003,0.03941892352519416,108.68385842086911,5.6545471064179935,6.190211351004606,0.3179154800327662,0.026939583854982962,0.022482884782470125,1.3055815317403736,0.049573497877592354,0.042256121807502156,86.02113213000185,1.1461338080434729,1.3682700972010053,-0.8034257852142463,0.012821153950453357,0.013080462655641778,55.244655041721174,1.255477055750461,1.20797074488339,21.423183410428024,3.6781319872155613,3.8819757623017956,3.961843899062698,0.07246486829396259,0.028652819292268816,-0.047326255837043155,0.10235507295768527,0.03571195927599743,6.513975271626014,2.0986012950389474,2.2819033315571513,3614.548956151341,8.578630677709043,8.194460588953007,-0.313511633638268,0.0017196031334497097,0.0015452569469580624,-0.4863019054727139,0.0016757272687680236,0.0015020362887972483
2MASS_J16064794-1841437,155.8,201.59667968750003,0.7607421875,0.7607421875,158.234375,0.0,0.7607421875,58.927503170414745,0.12102481918667252,0.099684517073662,199.83913504299392,0.08211121440416491,0.07235474915165696,0.8995521110095903,0.0003491794083405608,0.0002863405264990071,211.949327182207,1.3463037930908115,1.4412416308062461,0.23505289130876486,0.0028638199881559634,0.0032566788914985267,1.0396811598291396,0.00753441030835722,0.007593650052117651,130.0193658432715,0.6885464603048774,0.6068700481822589,-0.6479631187049086,0.0024718689929531523,0.0025641733274720524,170.94932277820644,0.9276800884933039,0.9140639112156634,9.742698282732809,0.19780626271595558,0.1549785443793006,4.981261862498676,0.023580061874538316,0.013485672814474547,-0.01435017711994625,0.02244937823107328,0.011035996599516918,7.053634079603615,0.4195645043221097,0.4913245811199962,7090.781993113674,2.6958808677272827,2.3721536659313642,-0.2389716830604247,0.000758281932160626,0.0008690611997042019,-0.4123195014187027,0.0009061178635993428,0.0009159040188925771
2MASS_J16095933-1800090,135.3,21.801269531250004,1.9819335937500036,5.390859374999998,15.194824218750002,1.3212890625,2.0876367187499962,30.12837564181642,3.516190412824809,3.325015347383278,-61.084984143095845,6.715114578513159,5.484645588183675,0.18282696477837898,0.04038779522742572,0.06292004097962048,77.219273236093,8.215502446585916,10.389426236775748,0.26696590018155353,0.08108202359438144,0.05683056489598676,1.145268849789862,0.10507359332676036,0.11828001139818256,77.65157417551153,6.384396805098859,5.5353200197654076,-0.8241886620052808,0.09679102298080589,0.08610001492894226,79.51755449276807,10.06519796363527,9.509420960638849,3.9095117159917816,3.02050945914518,3.3281409329509035,1.156515421132264,0.11453213520002326,0.22848327843918925,-4.597106071450616,0.2950039639752635,0.5645465159107639,5.612749709612713,2.8737425803146053,2.9605748720700653,3794.1196567674547,91.48043925173852,82.23365449335142,-0.3009482878066345,0.015914952609553112,0.019184004199959748,-0.29939601135547933,0.014731494833244707,0.012853250960305762
2MASS_J16101264-2104446,153.8,190.748046875,1.501953125,0.7509765625,150.1953125,0.7509765625,0.7509765625,57.069734232312726,0.2370705880072279,0.13057964017018264,33.88110092076384,0.11313853944914598,0.12000963700906198,1.2295966295090852,0.004021329059989753,0.0035391006498293187,129.49154187309742,2.7034733857727105,3.050369791261062,0.3129547898284981,0.020564768267825606,0.018824508811627005,1.1995274317082796,0.03323985622894865,0.029399000800985675,154.42635126170484,1.0072577524716166,1.0750154297255392,-0.663498675922459,0.003835085537108429,0.00406972974863018,160.23698715260343,3.850670982817064,2.9931238989449582,8.656843883926879,0.8612212144775633,0.709719218154234,3.980575258321628,0.013860413480843103,0.011924866552680768,-0.01779465731753046,0.011361244983071825,0.010606574465599594,4.074237039071219,0.3124195252240818,0.5610649038033726,6284.525872429853,2.289119314299569,2.371889116435341,-0.18299034152832547,0.0008424662732172128,0.0007458074306291307,-0.2972266133570226,0.0006128645065047733,0.0006556425795736232
2MASS_J16120668-3010270,131.9,245.38037109375,2.576171875,5.89943359374999,198.365234375,1.93212890625,4.61134765624999,43.72808037186321,0.6002401132346193,0.4763577941586874,43.54192644478235,0.2628772930573149,0.211287813491694,0.8376209262034466,0.01950433245023897,0.02223779066137399,224.42426542440512,4.772887488396577,2.010426309432461,0.44470333516790717,0.007696870425704827,0.004088306452411483,0.9627651156608001,0.032167674336531005,0.02316505475607633,64.39144663019707,1.0853560418625179,1.0450161757583913,-0.4624108885676008,0.006892573016812398,0.006418853887685427,199.2537919575637,5.296121597555668,4.049039741012223,8.701002899793233,1.1904099621422368,0.8242662148320292,4.993220151800233,0.011370183031387704,0.005082381664264446,-0.004062042433690837,0.008249214547171835,0.003008561118564664,9.0142067328923,3.205837846390965,0.7173061384098443,4450.854232197987,4.315124985095281,4.0374839358592,-0.31242738647926693,0.0033448709666500376,0.002652482644166232,-0.41259164960384265,0.0026991222245230095,0.0023676101595957455
2MASS_J16123916-1859284,134.7,118.38867187499999,0.65771484375,0.0,87.47607421874999,0.0,0.0,59.638522225667515,0.04619383349021433,0.04476358275275061,286.22164032984415,0.05515738124455538,0.03853299960212553,0.6033788135820232,0.0009978195270973211,0.000730897070560399,107.63059343058286,0.02911758494037997,0.02640080189465266,0.2941325162095909,0.0014601326273918636,0.0014145214702466768,2.4159311460536954,0.0057638168986948735,0.0047884425425333,142.03051924729465,0.28049166296278827,0.21728336258419745,-0.8568146069877283,0.0007613672372818181,0.0005903974066697737,96.61694583975265,0.2915317299691367,0.3469290484600833,4.500284450565815,0.03525548057803274,0.036689882400860796,1.6181410142036527,0.014070327412391226,0.013532786891809812,-0.0013620201806320803,0.0010791102229269667,0.0007972183939917697,9.99740701868012,0.0019238234318166292,0.0014795613630980142,4452.900711306953,1.3742170019941113,1.0510470971275936,-0.23775752820444038,0.00024069007733926173,0.00020414230912327302,-0.33245951691627096,0.0002456987168286684,0.00016820983508081255
2MASS_J16132190-2136136,144.8,47.37109375000001,1.5271875000000037,2.12109375,32.876953125,1.0605468749999964,1.060546875,39.16147241010172,1.8869993889177081,1.8598250934499632,196.96929494843823,2.2845660320929255,1.5308901731788183,0.5896410369346892,0.051986521596424806,0.058381091908659366,100.07133563504605,5.58778425785701,4.981529003877455,0.36512340014841305,0.04449938771504358,0.02466584286508894,1.1291097701150223,0.053853700168928986,0.06397612915481554,61.245874150436144,2.0373679267799574,2.1314595063474826,-0.5242331659637867,0.04560983907707761,0.04612118361642886,98.23537964377313,5.32116587790361,6.246561701392778,2.755497096403074,1.23161383778501,2.0012949074724755,2.7212953979380896,0.21886211632106045,0.1562792906016024,-4.7834690581176575,0.16126961319698108,0.30818040696946714,5.820444281484738,2.9922694076438705,2.6571789477070364,5612.665689527909,30.173533254216636,41.34786022345179,-0.1432580825544339,0.004111589074825284,0.0044757295960527466,-0.6012418956801797,0.003969182930331661,0.0034464878862840997
2MASS_J16140792-1938292,159.5,88.00537109375,0.77880859375,0.77880859375,71.650390625,0.77880859375,0.0,37.28848120173109,0.692033634544643,0.68360578108053,-4.396950921876428,0.22909195847911157,0.20163814007338932,1.1953022903343886,0.0293406751957328,0.033876865806076184,135.42309985514586,6.675480057405025,6.096294830580177,0.35069529171310276,0.029812688922458364,0.025204070988248395,1.6539710332503983,0.05737290161311903,0.048579735834062276,92.93791734930603,1.5786535069729695,1.3378130609497987,-0.5469925792980372,0.00920550463640668,0.009131418719977025,75.0974339965835,0.7611061324120669,0.5398234812872573,9.753025105232355,0.41009225536129,0.17244053861494812,3.976882002957252,0.038150518045251935,0.016719954179816643,-0.031786270049565725,0.04967653324247046,0.02285755467012387,7.762256636348125,1.505796751416824,1.2786723090258647,7235.235929447069,4.440282452549582,4.995485359271697,-0.12021521822021301,0.0012704969590281306,0.0011555102761867247,-0.3153984995595027,0.001035463492301214,0.0009032535145836462
2MASS_J16142091-1906051,135.3,142.69921875,1.98193359375,1.426992187499991,102.39990234375001,1.3212890625,1.3212890625,62.587672926527446,0.207675798192696,0.21836714141070246,82.21032117717475,0.09360364503235985,0.08454217086759286,0.6125803678523367,0.005303788843054713,0.003609776753923266,110.91371208842733,0.6135938346652949,0.4833256545072402,0.3785640264187853,0.0022373857819966703,0.001054927000185224,1.1334612586782975,0.004316069054480565,0.00288351942405507,163.55890648851727,0.8742685723165948,0.8454384322966746,-0.9083598226420665,0.0035302535162381465,0.003261351994656936,109.77109578646113,2.1542698433630534,2.3936985236209694,6.30176109662393,0.29815587137494415,0.33112473660472475,4.974456689468941,0.01728453273565389,0.0142357990559967,-0.03694871932815084,0.03234904531694579,0.025612290375624378,5.3154789032283976,0.0842409756292044,0.08948359267684669,4084.2364016206966,6.277167702362931,7.638694787186523,-0.289149631931254,0.0009984715826819035,0.0010562297516027441,-0.5686846395314618,0.0006222971144523859,0.0007796458107647286
2MASS_J16145024-2100599,138.5,96.0302734375,1.3525390625,0.7844726562500028,71.6845703125,0.67626953125,0.67626953125,43.122309186255215,0.7231825924296302,0.9132985868019574,163.21876659001117,0.32105983705992003,0.26601784961292196,0.6693507440763474,0.017217684121450194,0.014769744040972532,125.16323626785545,4.545477974425367,5.08507625554229,0.1558619099096074,0.018712301165995482,0.020532287460763382,1.4523450581464104,0.07599998003904429,0.07453496437035656,100.25081226873348,2.3184033335165424,1.521814201161817,-0.8193098596265349,0.009361337283861015,0.010624204727483155,85.09249998199464,1.220570250729395,1.1067788041808768,9.642572256458322,0.49681140082144104,0.26738811051789213,3.9379527850500073,0.09777697074040992,0.046451126591193326,-0.06549091924698378,0.1310619105017299,0.04809069518476671,7.662600002386119,1.7262669672353672,1.6173626434515178,3886.013657071953,5.8431608723522,5.954484346590107,-0.12360808654500322,0.0016499472137678772,0.0016629004995311059,-0.6205314742923018,0.001407146228173728,0.0013760564899348848
2MASS_J16152752-1847097,137.3,186.37402343750003,0.67041015625,0.67041015625,150.171875,0.67041015625,0.0,65.46127486695114,0.08228163888817619,0.07970881296155596,162.17427109861762,0.08051331603721223,0.0656455277439818,0.5921456410596466,0.0020356749686777365,0.002868447203262625,174.22120145167708,0.2992211619401246,0.26086822628192863,0.26759846762043743,0.001115909865673781,0.002554163325627412,1.3315959434958111,0.006689326171148924,0.008612741902109367,106.30110064990242,0.691852900934137,0.3763524445436559,-0.5588942223960484,0.0012589192326929455,0.0028047926412084756,157.34983898541483,0.7461523840741506,0.563767603269639,9.88399930860086,0.08435149006561993,0.06388703456262057,4.975794266277485,0.03448600351561204,0.01923953125591371,-0.017364069536290723,0.012540825002216684,0.010634403915769372,9.420966852251997,0.22294105585579516,0.14631667371259738,4555.000171989418,2.035823432320285,2.426892652092647,-0.24368465195463745,0.0014060075664440452,0.0011899757081215434,-0.36422169602086546,0.000874256113029992,0.0009909840313470641
2MASS_J16181445-2319251,137.7,37.988525390625,3.025634765625,3.025634765625,23.532714843749996,1.3447265625,2.01708984375,45.24248902984836,1.4184585361796849,2.09105756289879,154.23764499784727,1.8169769186391704,1.7049519812301526,0.21187564683900678,0.016757958646941712,0.020169926712359676,111.40227507425146,5.4439375921348585,5.400582130604633,0.1279441623163178,0.04481401608061461,0.08856263137075576,1.2620091716336348,0.10659156851676288,0.08846206374617771,68.69322555176015,4.748671268133357,5.172476581907148,-0.6449222749753161,0.057682034826946005,0.055857044009415824,109.97432488901818,4.892814710301153,5.167282245131489,3.465868370576218,2.1494919935619556,3.4547688765808875,1.4049381134980483,0.19778008558120042,0.2297486907735935,-3.724524134717182,0.18422654041909992,0.3213591930070572,4.49893363584283,2.359320173309359,3.3405576717230065,3881.465533481532,38.996394681975744,33.892828131673014,-0.14904532473153362,0.005116698493785016,0.005308894243734097,-0.5363347839918652,0.00506481363606226,0.004227138697274091
2MASS_J16185382-2053182,131,32.94189453125,0.95947265625,0.95947265625,22.3876953125,0.6396484375,0.6396484375,34.49202918654664,2.8154917425705897,3.197003789424528,173.16814591106132,1.6167717598320905,5.267255684847839,2.494378761435285,0.3065182307948242,0.48182202485481174,105.39092016153431,7.463624822320867,6.783449014504711,0.18397940234655963,0.0493663523512432,0.06649785969767796,1.3600127585908877,0.06973662702315431,0.08650099689679269,120.30931418122046,4.9054853720267175,6.2413976607934245,-0.8441270840641526,0.047054309021401064,0.03713367679594948,100.06739303916817,6.2340826812420715,6.1792820394525165,2.5705138738077107,1.0158807151451177,1.3027932537938884,2.1279871750898636,0.1301195828416648,0.10596928755751689,-4.848861878583564,0.11368923267849329,0.206987899089893,6.643744687655871,2.7184331581988523,1.9670185034030796,8532.843080901514,63.406475462450544,55.01668329021777,-0.38892871285089803,0.001982455793578475,0.002264585895653759,-0.3732964200937041,0.0018182836336051444,0.0021307701234360987
2MASS_J16202291-2227041,142,84.58984375,3.466796875,4.2710937499999915,65.869140625,2.080078125,2.7734375,72.97455652857026,1.25746334091518,1.0529274536958866,72.22886358556306,1.0031285764318767,1.0152182329808426,0.39186369819024236,0.013122283603725027,0.01703854725973475,110.4549760651953,5.629556470725532,5.335792758881823,0.07759183650253898,0.03688487559672634,0.04934404930565972,1.2811917418976249,0.09382455473985996,0.08910537769273041,61.644624473422375,5.134243112551147,4.830280511201387,-0.5041923391720315,0.052648506802173256,0.04782178700182088,86.84457646795937,5.276012588346816,6.813948373677576,7.552903733333791,2.3655879699995443,1.5271729832943937,1.5504116659222327,0.44843717126670724,0.9635242213037356,-1.275510527209244,1.1642122826651113,0.6318747087831342,5.396822711870295,3.5969682147840256,2.9992120005373666,3174.1613422083833,33.78426648684899,36.611145189845956,-0.18732863203040095,0.00874937966071515,0.0076509618265059864,-0.4156817483497354,0.004115018002831761,0.0056815660813344104
2MASS_J16202863-2442087,152.7,175.962890625,0.74560546875,0.74560546875,140.91943359375,0.74560546875,1.4912109375,40.71940557456231,0.5450251710354337,0.475145552967426,180.57098481806042,0.17266559862821396,0.14859613531942273,0.7208113297669962,0.011225372416820423,0.012795702512608975,163.4569702403416,1.3948679562761015,1.6704878438248727,0.37617842057671264,0.012779054123578049,0.010706949498545504,1.5694120102919047,0.08099748746959601,0.03958328083193052,57.54396438045797,1.7577420436284257,1.1732786999472395,-0.49600203894022193,0.008168731840521082,0.011939568175740212,148.48251462919043,0.9268020004627431,0.7842215116099567,9.900355612384596,0.17138503620336287,0.07231707278717714,4.988467645404265,0.013930024019056297,0.00821578407593826,-0.007311275507477569,0.012627983263800165,0.005493700001530171,8.25374583813384,0.9683547080730452,1.1514020880060123,3880.038734767122,2.1651804302327946,2.316864628696294,-0.11541484012297329,0.0014540492497910618,0.0013052076224394082,-0.32823858063652434,0.0013056887703529196,0.001082746269551793
2MASS_J16203960-2634284,148.3,215.06396484375003,0.72412109375,0.72412109375,165.099609375,0.72412109375,0.0,62.47197511595615,0.13345705319350287,0.12493041263572735,42.170363558552445,0.106427602435744,0.12135513101078743,0.5541281343281896,0.0015296415660013274,0.0013231716699331209,208.77903819561635,1.0466311981640501,0.9933898054937629,0.282150642164707,0.0036034038192437334,0.0034047090510662126,1.1580575208604544,0.007032342853884321,0.00668747654355939,139.2051179119176,0.8067998516931993,0.8860064714218936,-0.7153970583095157,0.002851915480947098,0.0026557051537638987,188.52872005100176,1.2032018852634678,1.0490806858292672,9.646654428416431,0.24590939738176587,0.18771181391059422,3.977821759146888,0.018190036606801296,0.014241013305075434,-0.025609523380833082,0.014161677566560851,0.014153741027670377,6.113915461704525,0.4122599736098369,0.40414725726335465,3945.8954133346547,2.565230065984906,2.541650753102658,-0.17566161515559575,0.0009802014914400414,0.0010258279474482102,-0.2483426162954423,0.000724290873628991,0.0007368732964684876
2MASS_J16213469-2612269,150.8,105.29492187500001,0.736328125,1.47265625,87.623046875,1.47265625,0.736328125,47.81135530072468,0.4620414217238391,0.3723300995039551,44.02979415367719,0.198557987947396,0.17108215560303108,0.9814028812766974,0.009523768387368126,0.009942124441397304,106.58902091982009,1.5575947966024728,1.1445318982014356,0.1568185850026872,0.016728657780599315,0.021017405091603186,1.4044403688501053,0.08986212763433965,0.07831636328986091,50.26966492458809,1.7001110503582808,1.4128753653875492,-0.38877147541206347,0.013279988970724799,0.015887809542025677,92.04239205639372,4.188781303594965,4.168055285602719,14.932755398029942,2.678988365857764,4.782923867939699,9.01615892231686,0.6489671385310558,1.0933764173211173,0.3250276380536832,1.1088094205418577,0.5230988561811389,34.79452834947465,10.201424138210868,10.680658590444345,5381.60789150259,5.266266091573925,4.266568684261074,-0.04200053308797353,0.0012276990468627486,0.001216789867499006,-0.38548865246991515,0.0010182947166372247,0.0010880435991224569
2MASS_J16215472-2752053,159.3,119.78613281250001,0.77783203125,0.77783203125,94.8955078125,0.77783203125,0.0,65.43463880602673,0.2244260488565999,0.2365849150859134,206.53191109870642,0.24567895881889967,0.17752092610518844,0.8434758394629865,0.004508136480988578,0.004250577671509048,110.44651334389151,1.8461815190809858,1.6374816341588172,0.1809724683227295,0.01199921094487194,0.02140755039735709,1.2381473789268882,0.0390883586286872,0.06334593013765488,121.52017408686355,1.364144793023769,1.3180620547402384,-0.6709738178170559,0.006220319979850508,0.007412439361848988,100.05271738203977,2.181183472858109,1.4602814394047243,9.15645310040073,0.6631569948944964,0.5293024475423902,4.974072736214352,0.0396218985831478,0.020199564626824262,-0.02859886303627748,0.04701289564520396,0.020968027256428535,9.224863739309926,1.5406692527597317,0.5496327105556329,7427.740343347868,4.5413708477117325,4.5450318186431105,-0.10524224530820682,0.0008037011261063376,0.00085393793516024,-0.5012781123396639,0.0009083496816628678,0.0008516449940630944
2MASS_J16221532-2511349,139,91.6259765625,0.6787109375,0.6787109375,74.658203125,0.6787109375,0.6787109375,54.60618079464819,0.4465162732500545,0.3995556803435889,15.64107593779473,0.3253764565289927,0.29773380990534015,0.46620146390773065,0.004982398853147774,0.005327406676160218,94.49878350323081,2.9094774778231027,2.6213771438303013,0.2586903152258412,0.02042010863860594,0.02644166743983517,1.2393722731837886,0.06124431845920042,0.07468118127806811,56.54224068732786,1.135436144788322,0.9332895594314721,-0.4812719230483049,0.010794898053658963,0.012574869374024689,76.41085927328771,1.0160343023363794,0.8619405968788953,9.732772805810177,0.43214695044724216,0.21204062466642348,4.973902817008489,0.046596574066163576,0.019529273865144248,-0.029563901826183406,0.04824211913191555,0.021119126093166518,8.182566807629115,1.4347865498016708,1.1747934127050446,3516.4094860915116,5.423807032229888,4.631502644146622,-0.07842655454889397,0.0018144677344387322,0.0016601345779531373,-0.4616248179407641,0.0011041643543182045,0.001111387917576867
2MASS_J16222982-2002472,126,80.595703125,0.615234375,0.615234375,64.599609375,0.615234375,0.0,17.4224238714641,0.9312685063623611,0.9323640872039576,148.64251559064485,0.2501709805545431,0.19422722492168987,1.369751458504052,0.1322425902675186,0.14804549703346948,161.77941141066498,4.439910112020698,5.6567503014556735,0.012351941315814777,0.008403628653505728,0.012158670608463143,1.2944438810306793,0.08479229109497477,0.06289397474629155,101.0510654109683,0.8866347159648598,1.143013808726053,-0.629232927363822,0.007900108250509241,0.00532535764831954,3.652703241190503,0.4533927570866756,1.463432537500771,1.0856869727271712,0.03980199771423343,0.10894676464645525,17.57569136082812,0.7918217760311386,0.5358608784439838,-4.68025842857464,0.2235398432319995,0.4870617322028634,21.16122317158687,14.40059958127597,22.154733108155433,2268.2892528254592,3.5321592225245695,2.70970636384709,-0.03804864856771446,0.00080410808646212,0.000796145335531552,-0.5238768296438339,0.0007427007809446273,0.0007126734776601307
2MASS_J16230761-2516339,136.9,63.169189453125,1.7780957031249969,1.671142578125,48.12890625,0.66845703125,0.66845703125,63.24082971075063,1.182406081697657,1.2663241074992868,88.25056702346536,0.5795566435269137,0.6448744379750764,0.36602401079945696,0.010362238945000712,0.009033657957012331,96.72382336365193,6.833529477583838,7.13088916026085,0.3601762954189981,0.03511136778838431,0.027655826331884736,1.1833778803452764,0.06501423205383228,0.06453505555612216,72.68179474468491,2.6708840856304477,2.929060119343731,-0.4026225167264825,0.045203628959390785,0.03479519221804872,70.26236191105693,5.360182505909108,4.648357232336849,4.1269595945673725,1.0420847836470473,2.1422300560899235,2.8212228032920126,0.36069237061996207,0.22261455449257372,-3.5805521840088916,0.2885779429249129,0.4431144598273673,5.340213147759599,1.2519587267282732,1.3389767022653078,3825.571963596502,16.640729778674995,17.1807851322028,-0.09420720751179416,0.0023760924091741353,0.002759767479785402,-0.5059219226555711,0.002194644054278272,0.00192578869345017
2MASS_J16253798-1943162,150.8,203.22656250000003,1.47265625,2.208984375,156.837890625,0.736328125,1.47265625,73.09227581814582,0.20287802769576047,0.17504818150518986,71.57758217000598,0.13974798322045956,0.1360888109955738,0.7163721053666615,0.004351894744279661,0.003970648343831651,154.05076320072158,3.0982640948076323,4.329232101979386,0.22278528838641218,0.023984165355596193,0.015887667337659034,1.5356980770470967,0.07853329849482527,0.101691196917985,105.0990022201365,1.4538265560088632,1.597268905444949,-0.6600588575487476,0.006915817264589896,0.00515075026798173,177.2305254705134,2.2543723836169534,1.973336694224372,9.723955998786144,0.375961369122356,0.17692263600615377,3.986500202461971,0.018886100262655692,0.009654081818358584,-0.014197167310598651,0.027070673405804314,0.01039092535669508,4.2110543096315425,0.4641204156206564,0.902768396460667,7667.382568036412,4.968200830760907,5.582410043016353,-0.18967673890057743,0.0019391640153187673,0.0018618130200923066,-0.4880394452195309,0.0013909594600529096,0.0016138238280260508
2MASS_J16271273-2504017,134.7,58.53662109374999,6.682382812500002,8.550292968750007,37.48974609375,3.9462890625,4.156757812499997,40.502612391929155,1.3279695046235105,1.5883057184131175,140.5689681863188,3.312755415875955,4.060555765959748,1.1465514313412646,0.05101498400429905,0.07615553237907724,99.71175558015959,8.15715259621669,7.712620896003642,0.12285581338442243,0.11662787066254418,0.089787851216286,1.418388674519545,0.10955118945308628,0.08885541128406982,73.16107851033112,8.761613006574947,12.642513193458598,-0.7026874998284209,0.08421018114949341,0.05903129781512795,98.20440776437432,8.405640588229232,7.04551905653274,14.354671003723217,6.026793459176028,5.213474023726585,2.074401780315199,0.38803692291492986,0.6645467635365079,-3.4051840525854837,0.7451771678243633,0.7490578888322568,7.944002784352765,4.783379195437784,5.786684151433763,3336.407153433406,49.24254390299029,61.21069941770156,-0.13463940633743005,0.0054648158343475195,0.005000811328106175,-0.5302138188091091,0.003468753072884634,0.004393005424567442
2MASS_J16274905-2602437,130.9,83.72998046875,0.63916015625,0.63916015625,64.55517578125,0.63916015625,0.63916015625,38.45784796984933,0.5261402626522909,0.697691323195933,49.044340058379866,0.3205104466667805,0.23776382973650811,0.2048645234992147,0.005151923240183515,0.003862753494357246,91.1654554535285,5.973210789778534,6.242169181462685,0.002443010631755515,0.00185710856006538,0.005195066312452288,1.2551391006240549,0.0769900587147101,0.08817521566664643,70.16783758884452,1.501804059381044,1.2314822152018934,-0.7002029714762765,0.012930883439487006,0.014753223857990938,72.30593296904338,3.685699304538005,3.358399861855773,13.882653702118406,2.6139343785488762,3.6242146135316293,13.594236579814353,0.7092565569429077,1.0551871119033454,-0.9786423783431724,1.6762400347991273,1.1789296907921787,28.069753594267542,19.50008636370817,15.478350442217415,2468.4409677546014,3.4758098671977677,3.986919808939547,-0.24292521945109638,0.001004149952340716,0.001072706297900461,-0.5721777047784058,0.0008527295420508452,0.001058186587596821
2MASS_J16293267-2543291,142.8,57.17578125000001,0.697265625,0.697265625,46.71679687500001,0.697265625,0.11156249999999801,38.91421408424566,1.8456664920864299,1.3002277301300893,248.79487230265119,0.4285075373177847,0.5182149497470903,0.4543738829529372,0.017813090119731534,0.03289460277122891,116.09425815371638,5.655293767092417,5.845148019757843,0.32552360738954234,0.04430656399788763,0.04126656631269282,1.4118406973618383,0.07007151451429783,0.05690201568148323,64.68737169599622,1.7885721254068372,1.8716260891896326,-0.5351944451817037,0.01901376840793534,0.02901001582327367,48.25559893423382,1.1644156914044075,1.276472574144492,8.943776185266042,0.9790763241863436,0.7748540245577811,4.346735930288251,0.4542902770364172,0.4465819458160212,-0.9039131330760075,0.8871963790027402,0.6294250770228195,4.60479784516748,0.9749302059390819,1.16523031301171,4067.707931411626,6.327205101611526,6.676190912124639,-0.1316118056972787,0.0015400639171525288,0.00182327955663375,-0.4323077440885339,0.0013094354091834348,0.0014389817357946533
2MASS_J16395577-2347355,150.6,44.8564453125,1.470703125,1.470703125,33.826171875,0.7353515625,0.7353515625,50.11767066256975,1.3868179389840876,1.2349767180658304,240.96259676359986,0.7567007044735874,0.7832918879712167,0.3826710850561614,0.012878716320360584,0.012712135856554063,120.37899460548677,5.902735393141512,6.825172409317943,0.07951820665009066,0.017951269430675126,0.023661695814231984,1.290508437780892,0.08524436344975062,0.09890214829095756,92.54807011630314,4.453870567614274,4.356133390691511,-0.48799826969686827,0.052247418670656354,0.051125497972564826,45.05924881415699,5.720633300110457,4.628300411512434,3.1522049886843506,0.8829011496356789,1.6147073263489746,2.0618946300806145,0.4820296673885349,0.39646940948750364,-3.050720015453008,0.5978918377851135,0.870656837806667,6.308751806101853,2.9903284686086513,2.605069864234842,3547.7236287111587,21.294485505438843,17.260238985367778,-0.02421068987689505,0.002107192308942459,0.0018701819789025687,-0.39734880918737797,0.002228241590042923,0.0019042621419791406
2MASS_J16142029-1906481,138.8,80.650390625,1.35546875,2.033203125,60.31835937500001,0.677734375,1.35546875,60.52036092723158,0.9031541113520376,0.9604372895967899,186.9789759899309,0.6695159647659352,0.6431083621274922,1.2309602773981485,0.02529972679326309,0.026590006364921814,123.58049604082045,7.039853709270162,9.229701576089028,0.2221192397053019,0.044229594852216,0.03340813296512468,1.4629908878630362,0.10761418642904785,0.08473104777997498,147.24028365775095,3.5702591178792886,5.2262118762685645,-0.3255577669117953,0.03170830121119944,0.03582744556607487,89.24067982327583,7.4548433298473356,6.240097662070866,3.0341538769936767,0.7461104063415389,1.225572855562418,3.263826004119975,0.2511376450845191,0.17016671559613794,-3.8121557695752237,0.12531755440580472,0.25547557834678924,7.315340768520832,2.27520318941096,1.9130371621376092,3828.5129304437282,18.320648128331868,16.90909435121648,-0.3166179071447543,0.0027445994420523534,0.002559161670107779,-0.2019182892626518,0.0018499702780405691,0.0017856582704883495
2MASS_J16042165-2130284,144.6,247.119140625,0.0,0.7060546875,205.4619140625,0.7060546875,0.0,6.175066939668695,0.595740536138333,1.1000000716007454,258.74102082540327,0.2485545906332618,0.25964582225014965,1.1941288569823598,0.33142993339478044,0.2663716908135447,112.28099518551363,9.693224500289517,9.964884466893736,0.013830120301308075,0.010580635207216112,0.025255615159244765,1.3053735706918106,0.16525942376503888,0.15774294756105656,90.56729356861524,0.6388388307188961,0.5840586871338473,-0.39763885197903615,0.0027706663376396157,0.002822795116762422,114.62477533477491,2.699071145082101,2.95071187558581,3.341535750586009,0.0901693287232117,0.09757215108022299,5.494060635553506,0.0476718738833668,0.05413742159611079,0.9955916515741688,0.00634057312825953,0.003234143199201678,23.524776839220674,16.006348558203126,17.657794455362808,4539.8840904904155,0.9686355865305813,0.8957306101401628,-0.18124099488661286,0.0016807741983848878,0.0019938627442252777,-0.4014831762704288,0.0019773044702227627,0.0019184791331276485
